month,starting_balance,interest,scheduled_principal,prepayment_principal,default_principal,recovery_principal,loss,total_principal,total_cash_flow,ending_balance,pool_smm,pool_pd_monthly
1.0,1546783281.1200001,6749106.8769106,6642210.694417574,304294.0892831879,8515144.831542946,5735208.513119638,2779936.318423308,12681713.2968204,19430820.173731,1531321631.5047565,0.00019755682401261643,0.0055239548685403345
2.0,1531321631.5047565,6682281.379089626,6641678.38812492,603229.2407743261,8094363.66327242,5506477.300572661,2587886.3626997583,12751384.929471908,19433666.308561534,1515982360.2125845,0.0003956055586688224,0.005305114435479121
3.0,1515982360.2125845,6615912.978924864,6641125.7821919285,896849.5203830809,7708547.543282649,5292794.314255067,2415753.2290275805,12830769.616830077,19446682.59575494,1500735837.3667269,0.0005941423323974733,0.005104444624166505
4.0,1500735837.3667269,6549877.1857656315,6640436.919834586,1185176.6749970475,7351756.36001493,5091940.871849392,2259815.4881655388,12917554.466681026,19467431.652446657,1485558467.4118805,0.0007931636059422262,0.004918687144478379
5.0,1485558467.4118805,6484075.060965395,6639516.140438497,1468215.7826067829,7019655.90748485,4902243.358081655,2117412.549403195,13009975.281126933,19494050.342092328,1470431079.5813503,0.0009926660724421709,0.004745492532979146
6.0,1470431079.5813503,6418426.409580547,6525750.936320215,1746084.5378217392,6708950.080490413,4722389.478629244,1986560.601861169,12994224.952771198,19412651.362351745,1455450294.0267177,0.0011926465902559473,0.004583085184289201
7.0,1455450294.0267177,6353327.356255854,6523805.362500461,2018682.0774317537,6417032.959587377,4551306.864043234,1865726.095544143,13093794.303975448,19447121.660231303,1440490773.6271982,0.0013930950911003699,0.004429745862864954
8.0,1440490773.6271982,6288262.175347693,6521435.065356279,2285982.8460145155,6141820.546601195,4388149.923129542,1753670.6234716533,13195567.834500335,19483830.00984803,1425541535.1692262,0.0015940134258717682,0.004284723342375221
9.0,1425541535.1692262,6223185.416055169,6518587.7416968765,2547954.9792844113,5881604.584932834,4232199.259123848,1649405.325808987,13298741.980105136,19521927.396160305,1410593387.8633122,0.001795398617447787,0.00414712043465768
10.0,1410593387.8633122,6158059.250640804,6515216.528548719,2804561.6415012907,5634963.422452609,4082850.7713298798,1552112.6511227293,13402628.94137989,19560688.192020692,1395638646.2708097,0.0019972477220587875,0.004016195362289723
11.0,1395638646.2708097,6092852.261824577,6477320.425107042,3055840.2028296147,5400701.946163387,3939586.6719697416,1461115.2741936455,13472747.2999064,19565599.561730977,1380704783.6967096,0.0021995578121073653,0.0038913268058806526
12.0,1380704783.6967096,6027692.452240147,6357589.008514764,3301875.0475017806,5177812.31748578,3801982.3250856,1375829.9924001805,13461446.381102145,19489138.83334229,1365867507.3232074,0.002402328630817017,0.0037718977454306983
13.0,1365867507.3232074,5962768.466143248,6352187.9114172915,3542460.7839280404,4965388.831334589,3669629.528061893,1295759.3032726971,13564278.223407224,19527046.68955047,1351007469.7965274,0.0026054878087974423,0.003657254664818901
14.0,1351007469.7965274,5897698.886234043,6346133.808921865,3777550.0652328436,4762670.757188174,3542194.7054219916,1220476.0517661823,13665878.5795767,19563577.465810742,1336121115.1651843,0.002809087499222071,0.003547313842742038
15.0,1336121115.1651843,5832469.975890968,6315899.8558957465,4007181.3376935525,4568995.002471536,3419385.8139585326,1149609.188513004,13742467.007547831,19574936.983438797,1321229038.9691236,0.003013124305717236,0.0034417383076725907
16.0,1321229038.9691236,5767193.832484706,6308424.795971369,4231230.757941871,4383768.844192367,3300935.9283718043,1082832.9158205632,13840591.482285045,19607785.31476975,1306305614.571018,0.0032176076289632365,0.0033401755878660743
17.0,1306305614.571018,5701739.761915229,6300223.678500794,4449649.611413402,4206470.506858172,3186615.541217815,1019854.9656403575,13936488.83113201,19638228.59304724,1291349270.7742457,0.0034225230811507274,0.003242424087189417
18.0,1291349270.7742457,5636102.548303828,6291274.215553822,4662389.632416343,4036633.0413421476,3076218.874772382,960414.1665697654,14029882.722742548,19665985.271046378,1276358973.8849335,0.0036278671767817246,0.0031482523837334355
19.0,1276358973.8849335,5570279.293828157,6281555.798660353,4869403.384634695,3873836.463371533,2969559.8692612327,904276.5941103001,14120519.05255628,19690798.34638444,1261334178.2382667,0.003833636367824505,0.003057453684778162
20.0,1261334178.2382667,5504269.208993159,6207712.584239863,5070861.214330905,3717711.254798368,2866476.4101262786,851234.8446720893,14145050.208697047,19649319.417690203,1246337893.1848977,0.0040398270391467815,0.0029698428652557697
21.0,1246337893.1848977,5438311.23174141,6181087.967442821,5266590.758259259,3567902.610035874,2766805.1897083437,801097.4203275304,14214483.915410424,19652795.147151835,1231322311.8491597,0.004246402453346223,0.0028851138553232913
22.0,1231322311.8491597,5372238.52318731,6168953.689112427,5456487.4309794195,3424095.147956116,2670403.067345294,753692.0806108217,14295844.187437141,19668082.71062445,1216272775.5811117,0.00445339021673456,0.0028032253371727853
23.0,1216272775.5811117,5305986.12776659,6150723.052936184,5640530.48534464,3286001.954565985,2577147.1012992514,708854.8532667339,14368400.639580077,19674386.767346665,1201195520.0882647,0.004660784298063038,0.002724074756244364
24.0,1201195520.0882647,5239579.424712221,6136932.355530674,5818662.246538991,3153356.7089963746,2486916.044994424,666440.6640019508,14442510.64706409,19682090.071776308,1186086568.7771988,0.004868577071653311,0.0026475257149301628
25.0,1186086568.7771988,5173006.015592756,6122294.692378826,5990846.250201024,3025914.240882163,2399598.248064901,626315.9928172613,14512739.190644752,19685745.206237506,1170947513.5937366,0.00507676758029057,0.0025734742446057294
26.0,1170947513.5937366,5106274.397064596,6100170.002354359,6157080.281300538,2903448.042398468,2315095.345447877,588352.6969505912,14572345.629102774,19678620.02616737,1155786815.2676835,0.00528535157729642,0.0025018144545178142
27.0,1155786815.2676835,5039420.523573928,6061725.182815615,6317426.959488045,2785746.851596034,2233304.7834942807,552442.0681017535,14612456.925797941,19651877.449371867,1140621916.2737837,0.005494321593761874,0.0024324351922070304
28.0,1140621916.2737837,4972525.545597264,6028710.128902007,6471803.837748123,2672612.0527371247,2154138.650624235,518473.40211289,14654652.617274364,19627178.16287163,1125448790.2543964,0.00570367725293932,0.0023652157815257013
29.0,1125448790.2543964,4905551.626400445,6002445.552516086,6620176.945099805,2563855.6539932843,2077509.7138356455,486345.94015763886,14700132.211451538,19605683.83785198,1110262312.1027873,0.005913384773388186,0.0023000853471940546
30.0,1110262312.1027873,4838497.448492191,5955112.442890034,6762626.856865557,2459308.0148571897,2003334.0649047587,455973.94995243143,14721073.364660349,19559570.81315254,1095085264.7881746,0.006123462897638553,0.0022369809726629653
31.0,1095085264.7881746,4771447.5107026845,5915804.715929415,6668471.405829307,2359297.3619325114,1931935.1850132043,427362.1769193073,14516211.306771927,19287658.81747461,1080141691.3044834,0.0061221303382722435,0.0021757936570940663
32.0,1080141691.3044834,4705439.651335392,5875883.908736789,6575818.686680669,2264474.28712223,1863759.9645026089,400714.3226196212,14315462.559920067,19020902.21125546,1065425514.4219437,0.006120797535456084,0.0021172773820729573
33.0,1065425514.4219437,4640465.041109258,5845174.407952751,6484526.721517153,2174492.0538189975,1798611.1013553657,375880.9524636318,14128312.230825271,18768777.271934528,1050921321.2386547,0.006119491911535683,0.0020612668954729995
34.0,1050921321.2386547,4576428.964538397,5799754.9208612675,6394669.657988535,2089037.0442316853,1736318.505303915,352718.53892777045,13930743.084153717,18507172.048692115,1036637859.6155732,0.006118173286318488,0.0020076286746789377
35.0,1036637859.6155732,4513383.415564088,5735940.559794002,6306322.0193550885,2007824.3924619136,1676719.173886801,331105.21857511264,13718981.753035892,18232365.168599978,1022587772.6439621,0.006116863194203948,0.001956198336140214
36.0,1022587772.6439621,4451382.080194186,5697222.398700512,6219293.781475758,1930578.1651969596,1619659.8747771918,310918.2904197678,13536176.054953463,17987558.13514765,1008740678.298589,0.006115561283830172,0.0019068191905104916
37.0,1008740678.298589,4390292.263572802,5633253.384873629,6133694.643039046,1857056.4416275462,1564994.5327234627,292061.90890408354,13331942.560636137,17722234.82420894,995116673.8290488,0.006114267606324504,0.0018594134390737017
38.0,995116673.8290488,4330193.8956037555,5581521.419109924,6049436.655584766,1787029.3198515433,1512580.6268074452,274448.6930440982,13143538.701502133,17473732.59710589,981698686.4345026,0.006112970999868111,0.0018138293620138448
39.0,981698686.4345026,4271023.981759923,5540324.78906988,5966395.471995865,1720289.2979296679,1462304.212739897,257985.0851897707,12969024.473805644,17240048.455565564,968471676.8755071,0.006111690827728495,0.0017699865764455184
40.0,968471676.8755071,4212698.154503066,5485302.642020138,5884664.740946143,1656641.0964990205,1414043.8209951466,242597.27550387374,12784011.203961426,16996709.358464494,955445068.3960418,0.006110397396990272,0.0017278117753623595
41.0,955445068.3960418,4155280.231963942,5439195.860978733,5804149.2592398245,1595903.4574478131,1367676.565088744,228226.89235906926,12611021.685307302,16766301.917271243,942605819.8183755,0.006109129145869632,0.0016871920153039306
42.0,942605819.8183755,4098704.9215533687,5417817.0790779805,5724651.9176840745,1537905.6729793292,1323104.5939248116,214801.0790545175,12465573.590686865,16564278.512240235,929925445.1486341,0.006107873359851109,0.0016480606134595733
43.0,929925445.1486341,4042835.416121248,5402090.077686297,5646124.3083204925,1482492.7342976872,1280218.6674600292,202274.066837658,12328433.05346682,16371268.469588067,917394738.0283296,0.006106609035420429,0.0016103798047091052
44.0,917394738.0283296,3987637.3555560024,5376725.904018896,5568604.17165987,1429522.8012058446,1238934.2524406114,190588.5487652333,12184264.328119377,16171901.68367538,905019885.151445,0.006105346322171539,0.001574086473371702
45.0,905019885.151445,3933138.0839173943,5321130.433179101,5492249.340468712,1378865.592176852,1199170.1683179007,179695.4238589512,12012549.941965714,15945688.025883108,892827639.7856203,0.006104086615688077,0.0015390991445573886
46.0,892827639.7856203,3879450.3252939475,5291085.910628013,5416880.372210603,1330393.6971111603,1160824.9478265329,169568.74928462738,11868791.23066515,15748241.555959096,880789279.8056705,0.006102824421294853,0.0015053076399183744
47.0,880789279.8056705,3826447.883362078,5248503.847570356,5342557.161769945,1283990.2440322693,1123832.7976732168,160157.4463590527,11714893.807013515,15541341.690375593,868914228.552298,0.006101557876441423,0.0014726936916411753
48.0,868914228.552298,3774173.4509048825,5200036.050454353,5269329.039555436,1239547.0654576747,1088140.3239813,151406.7414763745,11557505.413991088,15331678.864895973,857205316.3968306,0.006100290637216952,0.0014411806364424697
49.0,857205316.3968306,3722659.3314026413,5167885.251878747,5197046.024633317,1196960.5667901165,1053679.7246436197,143280.84214649658,11418611.001155684,15141270.332558326,845643424.5535283,0.00609906098061252,0.001410709857413769
50.0,845643424.5535283,3671802.9091497874,5142053.111444235,5125642.706193479,1156135.4709656695,1020402.7249141474,135732.74605152206,11288098.54255186,14959901.451701647,834219593.2649249,0.0060978338486722215,0.0013812572682739813
51.0,834219593.2649249,3621559.172924619,5091419.349516964,5055247.605278685,1116985.1426560362,988250.834640418,128734.30801561815,11134917.789436065,14756476.962360684,822955941.1674732,0.006096598329750548,0.0013527876135985203
52.0,822955941.1674732,3572020.0576629764,5048816.434801862,4985794.559927419,1079425.393676423,957157.1177255355,122268.27595088759,10991768.112454817,14563788.170117794,811841904.7790676,0.006095346749130644,0.0013252210261005862
53.0,811841904.7790676,3523139.1289272076,5021679.84819161,4917176.00643561,1043373.1480301104,927089.8474416605,116283.30058845005,10865945.70206888,14389084.830996089,800859675.7764103,0.0060940781291049856,0.001298529769474516
54.0,800859675.7764103,3474840.5214066207,4960459.659017548,4849623.366790216,1008758.5876869584,897998.838721032,110759.74896592637,10708081.864528798,14182922.385935418,790040834.1629155,0.006092795152052648,0.0012726945006612824
55.0,790040834.1629155,3427284.8556972994,4935168.381404342,4782861.491138801,975507.6250015239,869846.9231376213,105660.7018639027,10587876.795680765,14015161.651378062,779347296.665371,0.006091545708059653,0.00124763133423205
56.0,779347296.665371,3380281.458464528,4917060.397336859,4716844.485261219,943554.9648908149,842590.9162452698,100964.04864554491,10476495.798843348,13856777.257307876,768769836.817882,0.006090279664423121,0.001223357165433532
57.0,768769836.817882,3333797.1149822194,4883390.97854256,4651637.798410923,912841.1063912445,816214.1747677207,96626.93162352356,10351242.951721204,13685040.066703424,758321966.9345372,0.006089011148972078,0.0011998499663207437
58.0,758321966.9345372,3287879.7423431342,4861007.137774764,4587174.634764216,883306.3629048502,790679.1113232839,92627.25158156634,10238860.883862263,13526740.626205398,747990478.7990934,0.006087718469530208,0.0011770584744145666
59.0,747990478.7990934,3242481.2776108608,4823663.300250382,4523506.007921026,854897.6045034373,765980.6734204021,88916.93108303513,10113149.98159181,13355631.25920267,737788411.8864186,0.006086420499852377,0.0011549679062336613
60.0,737788411.8864186,3197640.547443198,4793436.893641686,4460611.442927919,827562.371054017,742095.162115512,85467.20893850492,9996143.498685118,13193784.046128316,727706801.1787949,0.006085079418367084,0.0011335294286294521
61.0,727706801.1787949,3153340.2747550057,4774640.570093483,4398405.240363056,801250.1564495985,718993.1651159324,82256.99133366623,9892038.97557247,13045379.250327475,717732505.2118888,0.006083741345971082,0.0011127267916067848
62.0,717732505.2118888,3109520.4230470825,4748974.059760395,4336930.214606607,775915.3079019426,696659.6550176834,79255.65288425917,9782563.929384686,12892084.352431767,707870685.6296198,0.006082400263442487,0.001092549998231131
63.0,707870685.6296198,3066210.3344984283,4715140.315063479,4276213.183138916,751516.4526366452,675082.3419274971,76434.11070914817,9666435.840129891,12732646.174628321,698127815.6787808,0.006081072678248624,0.001072965557265355
64.0,698127815.6787808,3023430.3744800347,4685273.3013333045,4216216.23994939,728010.5181861185,654227.6795577705,73782.83862834799,9555717.220840465,12579147.5953205,688498315.619312,0.006079742089667106,0.0010539411942242071
65.0,688498315.619312,2981154.3127927766,4648451.709933659,4156985.65618496,705358.5591600257,634083.0557372553,71275.50342277043,9439520.421855874,12420674.73464865,678987519.6940334,0.006078404063030885,0.0010354596166346677
66.0,678987519.6940334,2939413.767178045,4619215.736819832,4098456.025591547,683523.403017337,614619.3572662941,68904.04575104303,9332291.119677672,12271704.886855718,669586324.5286046,0.0060770791475364995,0.0010174907829455116
67.0,669586324.5286046,2898163.4911395423,4593404.835087625,4040604.9588014176,662469.3876642254,595812.0732366779,66657.3144275475,9229821.86712572,12127985.358265264,660289845.3470514,0.0060757545821930985,0.0010000266955974546
68.0,660289845.3470514,2857387.08474465,4566888.832361357,3983421.206120823,642163.2479048086,577646.6815508667,64516.56635394188,9127956.720033048,11985343.804777697,651097372.0606644,0.006074442552875796,0.0009830525303352797
69.0,651097372.0606644,2817077.3500825414,4515379.583574828,3927044.9277062216,622578.4699552995,560103.8424302037,62474.62752509587,9002528.353711251,11819605.703793794,642032369.079428,0.0060731340611183595,0.0009665496823406708
70.0,642032369.079428,2777333.972009536,4499238.734934146,3871248.382724571,603678.0631340244,543153.7224317607,60524.34070226361,8913640.840090478,11690974.812100016,633058203.8986351,0.006071825213853356,0.0009504721249647544
71.0,633058203.8986351,2737996.113118207,4461550.085069435,3816156.2903289204,585436.7048432118,526783.0491138862,58653.655729325576,8804489.424512241,11542485.537630448,624195060.8183937,0.006070510954012181,0.0009348458270399985
72.0,624195060.8183937,2699152.0363740046,4417272.334055998,3761803.9775826703,567828.0271090157,510967.10269955127,56860.924409464424,8690043.41433822,11389195.450712223,615448156.4796461,0.006069194137630702,0.0009196289298728372
73.0,615448156.4796461,2660826.551273763,4373948.84727345,3708142.3495508865,550826.8436987884,495688.08954428346,55138.754154505,8577779.286368622,11238605.837642383,606815238.4391229,0.006067881207735375,0.00090479905104258
74.0,606815238.4391229,2622987.7521040435,4344935.660296043,3655108.768358931,534405.8525016905,480925.51361206657,53480.338889623876,8480969.94226704,11103957.694371084,598280788.1579663,0.006066515608143487,0.0008903434318720717
75.0,598280788.1579663,2585588.8504372085,4315741.565785091,3602713.741391711,518542.0634492361,466659.1560361304,51882.90741310564,8385114.463212933,10970703.31365014,589843790.7873402,0.006065149262697755,0.0008762659124796821
76.0,589843790.7873402,2548635.9006175008,4278184.17677476,3550978.25805314,503213.68873636506,452872.21679073566,50341.47194562946,8282034.651618635,10830670.552236136,581511414.6637759,0.006063811057185167,0.0008625530709506475
77.0,581511414.6637759,2512145.837681702,4261604.5989394,3499769.434886447,488396.86730017955,439543.69680887624,48853.17049130334,8200917.730634724,10713063.568316426,573261643.76265,0.0060624644368060645,0.0008491827730881366
78.0,573261643.76265,2476024.6756058685,4234151.749767245,3449160.761288405,474073.7036736893,426657.8756373743,47415.828036314924,8109970.386693024,10585995.062298892,565104257.5479207,0.006061112520866593,0.0008361693368446341
79.0,565104257.5479207,2440323.1356014675,4210170.659542344,3399121.582354233,460223.5514267272,414195.76535258617,46027.786074141055,8023488.0072491625,10463811.14285063,557034741.7545973,0.006059780024485591,0.000823487854609396
80.0,557034741.7545973,2405019.841781698,4176365.9630253357,3349716.900106266,446828.99245017534,402142.5440713335,44686.448378841844,7928225.407202935,10333245.248984635,549061829.8990155,0.00605846312233355,0.0008111312810800081
81.0,549061829.8990155,2370159.852851053,4130903.091600132,3300952.995888266,433874.41483650793,390484.94522483216,43389.4696116758,7822341.032713231,10192500.885564283,541196099.3966906,0.006057184514214163,0.0007990766404838716
82.0,541196099.3966906,2335752.8341207,4098591.855480904,3252803.8799575237,421341.0780883267,379205.8985680612,42135.17952026558,7730601.634006489,10066354.46812719,533423362.58316386,0.006055840459243943,0.0007872998363324837
83.0,533423362.58316386,2301775.0755928997,4051985.529714848,3205309.1320387507,409216.3838387324,368294.2292915508,40922.15454718151,7625588.891045149,9927363.966638047,525756851.5375715,0.006054541133592797,0.0007758080162820796
84.0,525756851.5375715,2268258.6337783895,4016024.8630154775,3158412.6973317424,397482.0426269518,357733.5238465043,39748.51878044754,7532171.084193725,9800429.717972115,518184931.9345973,0.0060532123654016634,0.0007645763236152816
85.0,518184931.9345973,2235162.4997267826,3973436.965415457,3112130.4165131003,386125.5868529385,347512.8017911087,38612.785061829825,7433080.183719665,9668242.683446448,510713238.96581584,0.0060518820893571785,0.0007536069685346665
86.0,510713238.96581584,2202499.030005246,3944292.1590051944,3066428.1739894524,375129.49368147034,337616.40186424996,37513.09181722035,7348336.7348588975,9550835.764864143,503327389.1391397,0.006050515109528594,0.0007428852711187262
87.0,503327389.1391397,2170239.532713786,3914235.3516506734,3021276.727475213,364481.71828282374,328033.4838865342,36448.23439628956,7263545.563012421,9433785.095726205,496027395.34173095,0.006049215868666663,0.0007324172740333357
88.0,496027395.34173095,2138366.1728203013,3875540.6552665243,2976711.527811303,354170.4027489176,318753.3624740258,35417.040274891755,7171005.545551852,9309371.718372155,488820972.75590426,0.006047929888604651,0.0007221973945747953
89.0,488820972.75590426,2106905.3318728413,3851113.81205873,2932642.056580472,344181.3247896734,309763.192310706,34418.13247896734,7093519.060949909,9200424.39282275,481693035.56247544,0.006046635439439386,0.0007122041535965044
90.0,481693035.56247544,2075792.753581961,3802329.5705084004,2889159.130769793,334506.3660685187,301055.7294616669,33450.63660685187,6992544.43073986,9068337.18432182,474667040.49512863,0.006045335621506978,0.000702449254761429
91.0,474667040.49512863,2045097.2380004304,3764564.2664982434,2846231.829035419,325132.48891338654,292619.2400220479,32513.24889133865,6903415.33555571,8948512.57355614,467731111.9106816,0.006043922836232273,0.000692894921334423
92.0,467731111.9106816,2014793.4628516154,3732623.641947751,2803825.1765334154,316047.362811381,284442.62653024285,31604.7362811381,6820891.445011409,8835684.907863025,460878615.7293891,0.0060424804777387715,0.000683548026164517
93.0,460878615.7293891,1984856.1010343186,3692335.401907568,2762026.467840543,307241.95360012795,276517.75824011513,30724.1953600128,6730879.627988227,8715735.729022544,454117011.9060408,0.006041019645232789,0.0006744083110391318
94.0,454117011.9060408,1955343.2068684595,3663023.511555725,2720736.279257333,298705.31633228273,268834.7846990545,29870.53163322828,6652594.575512111,8607937.782380572,447434546.7988955,0.006039631713191529,0.000665459178073584
95.0,447434546.7988955,1926187.0042135436,3636517.691840305,2679919.673643819,290427.20941717667,261384.488475459,29042.720941717667,6577821.853959583,8504008.858173126,440827682.2239942,0.006038259184240251,0.0006567089480038603
96.0,440827682.2239942,1897363.9684964116,3603827.009656485,2639607.5728349686,282400.9592434467,254160.86331910206,28240.095924344678,6497595.445810556,8394959.414306968,434301846.68225926,0.006036873491001444,0.0006481541012516535
97.0,434301846.68225926,1868896.2694886448,3575798.742265596,2599781.5339615326,274616.451848375,247154.8066635375,27461.645184837504,6422735.082890667,8291631.352379312,427851649.95418376,0.00603547021129172,0.0006397846996651144
98.0,427851649.95418376,1840769.6170546324,3524841.416443335,2560563.898673695,267069.022341635,240362.12010747154,26706.902234163506,6325767.435224501,8166537.052279133,421499175.6167251,0.006034082506955536,0.0006315993495725986
99.0,421499175.6167251,1813071.742161125,3497471.9897849443,2521814.592573591,259746.79405751338,233772.11465176204,25974.67940575134,6253058.697010297,8066130.439171422,415220142.24030906,0.006032684382510972,0.0006235674884645563
100.0,415220142.24030906,1785702.8384603006,3441900.6359294923,2483676.5948946117,252644.8581768562,227380.37235917058,25264.48581768562,6152957.603183275,7938660.441643575,409041920.15130806,0.006031293948942289,0.0006157097471741331
101.0,409041920.15130806,1758766.377276721,3410732.3245411767,2446008.4072802076,245753.36307913077,221178.02677121764,24575.336307913072,6077918.758592602,7836685.135869322,402939426.0564076,0.00602985656791352,0.0006079858616423472
102.0,402939426.0564076,1732160.9454858396,3389436.135551883,2408762.930668332,239063.9672733841,215157.57054604572,23906.39672733841,6013356.6367662605,7745517.5822521,396902163.022914,0.006028397360569706,0.0006004215075850275
103.0,396902163.022914,1705851.7660151063,3353752.7302917303,2372007.1451114845,232571.8722044187,209314.68498397683,23257.18722044187,5935074.560387192,7640926.326402298,390943831.27530634,0.006026957576874175,0.0005930245376114429
104.0,390943831.27530634,1679887.901424239,3319540.637778892,2335737.293531175,226270.9438317011,203643.849448531,22627.09438317011,5858921.780758597,7538809.682182837,385062282.4001646,0.006025498295328224,0.0005857733490761698
105.0,385062282.4001646,1654265.7576154845,3292962.2988255955,2299889.2353495946,220152.90760658524,198137.6168459267,22015.290760658525,5790989.151021117,7445254.908636601,379249277.95838284,0.006024043314824076,0.0005786669395129072
106.0,379249277.95838284,1628941.2350376302,3261359.405538466,2264509.278051829,214213.07414865887,192791.766733793,21421.307414865885,5718660.450324088,7347601.685361719,373509196.20064384,0.006022556851901976,0.0005717076765123745
107.0,373509196.20064384,1603945.4159461204,3225316.4327707253,2229623.313059211,208446.4597885789,187601.81380972103,20844.645978857894,5642541.559639658,7246486.975585777,367845809.9950254,0.00602109069013939,0.0005648887117203603
108.0,367845809.9950254,1579296.2895772872,3178903.47785509,2195257.026699262,202847.99740221875,182563.19766199688,20284.799740221875,5556723.70221635,7136019.991793636,362268801.49306875,0.006019654819125228,0.0005582001183046584
109.0,362268801.49306875,1555015.0929718008,3160248.062874213,2161250.7603131337,197409.43400129204,177668.49060116283,19740.943400129207,5499167.313788509,7054182.406760309,356749893.23588014,0.006018161774635237,0.0005516254791314223
110.0,356749893.23588014,1530987.6289493612,3113997.0368274283,2127766.681578895,192129.39785103413,172916.4580659307,19212.939785103415,5414680.176472254,6945667.805421615,351316000.1196228,0.006016642098846517,0.0005451933852591991
111.0,351316000.1196228,1507329.0973715307,3087989.9724608264,2094676.8498930032,186999.69337404103,168299.72403663694,18699.969337404105,5350966.546390466,6858295.643761997,345946333.6038949,0.006015093315405702,0.0005388701149466671
112.0,345946333.6038949,1483948.9064966366,3062580.6670111734,2061993.2191457367,182015.16990878305,163813.65291790478,18201.516990878306,5288387.539074816,6772336.445571451,340639744.5478293,0.006013509149262419,0.0005326736150838209
113.0,340639744.5478293,1460853.8726352975,3035994.0879078466,2029720.439045614,177171.38013045533,159454.24211740983,17717.138013045536,5225168.769070871,6686022.641706168,335396858.6407453,0.006011943795804572,0.0005266005592078073
114.0,335396858.6407453,1438047.1530212522,3008751.3000685396,1997850.490226545,172463.69410046452,155217.32469041806,17246.36941004645,5161819.114985502,6599866.268006755,330217793.1563498,0.006010401603071952,0.0005206463152302586
115.0,330217793.1563498,1415523.8998372543,2982890.874932922,1966363.4554769648,167887.53965965507,151098.78569368954,16788.75396596551,5100353.1161035765,6515877.01594083,325100651.2862802,0.006008858547763984,0.0005148070241073463
116.0,325100651.2862802,1393270.7143090107,2960569.0349623277,1935237.7735812063,163438.45247490102,147094.60722741092,16343.845247490102,5042901.415770944,6436172.130079955,320041406.02526176,0.006007289845698281,0.0005090809095411053
117.0,320041406.02526176,1371272.138656085,2932067.797641324,1904519.4908577306,159113.91073626795,143202.51966264116,15911.391073626797,4979789.8081616955,6351061.94681778,315045704.82602644,0.006005703886062157,0.000503468285919754
118.0,315045704.82602644,1349559.6469054515,2893305.000032564,1874257.2634859458,154910.91057542505,139419.81951788254,15491.091057542504,4906982.083036392,6256541.729941844,310123231.65193254,0.006004138085540653,0.0004979618123180725
119.0,310123231.65193254,1328168.8718761913,2865656.561415405,1844395.7488450063,150824.02579223222,135741.62321300898,15082.40257922322,4845793.933473419,6173962.805349611,305262355.3158799,0.0060025632609765935,0.000492546190603309
120.0,305262355.3158799,1307059.1378935692,2826129.8418551804,1814990.0417734585,146853.20971979637,132167.88874781673,14685.320971979638,4773287.772376455,6080346.910270024,300474382.22253144,0.0060010283707711155,0.0004872299074013051
121.0,300474382.22253144,1286270.7958507326,2802796.520841297,1785939.1193703471,142990.9964298397,128691.89678685572,14299.099642983969,4717427.536998499,6003698.3328492325,295742655.58588994,0.005999493059316602,0.0004820017816726537
122.0,295742655.58588994,1265732.2105653246,2768692.330878319,1757299.5830420519,139236.6069640111,125312.94626761001,13923.660696401112,4651304.860187982,5917037.070753306,291077427.06500554,0.005997956913276666,0.0004768739031764691
123.0,291077427.06500554,1245483.9687595102,2731947.268977732,1729099.332469713,135586.9855591699,122028.28700325292,13558.698555916992,4583074.888450698,5828558.857210209,286480793.477999,0.005996402910560772,0.00047183407107184136
124.0,286480793.477999,1225544.3806218766,2710748.983081559,1701239.109496019,132035.89825467454,118832.30842920709,13203.589825467454,4530820.401006786,5756364.781628662,281936769.48716676,0.005994883853835251,0.0004668765548119338
125.0,281936769.48716676,1205843.4326293238,2680657.9652996203,1673745.7688918682,128581.71901774022,115723.5471159662,12858.171901774022,4470127.281307454,5675970.713936778,277453784.0339575,0.005993392796523294,0.0004620128190360805
126.0,277453784.0339575,1186402.2543610116,2659012.4007040747,1646584.305175739,125220.35563771697,112698.32007394527,12522.035563771698,4418295.0259537585,5604697.28031477,273022966.97243994,0.005991846524491256,0.00045723182354535686
127.0,273022966.97243994,1167194.5372163625,2633446.622811476,1619772.4250806514,121949.63452114255,109754.67106902829,12194.963452114256,4362973.718961155,5530168.256177518,268647798.29002666,0.005990310448779155,0.00045254018472812014
128.0,268647798.29002666,1148233.111768018,2601219.1851196266,1593340.8610913777,118768.35311290825,106891.51780161742,11876.835311290826,4301451.564012621,5449684.675780639,264334469.89070275,0.0059887739731233364,0.0004479324166507384
129.0,264334469.89070275,1129540.3763888828,2580798.0990142953,1567231.5027909589,115672.10590261396,104104.89531235256,11567.210590261397,4252134.497117606,5381674.873506489,260070768.1829949,0.005987213490717182,0.0004433998699056326
130.0,260070768.1829949,1111073.6975140562,2555576.0852404647,1541457.1571060189,112658.69375407744,101392.8243786697,11265.869375407743,4198426.0667251535,5309499.76423921,255861076.24689436,0.0059856877415741735,0.0004389528738767432
131.0,255861076.24689436,1092843.3929378341,2532466.5276359725,1516017.3533652937,109725.68528685838,98753.11675817255,10972.568528685839,4147236.997759439,5240080.3906972725,251702866.68060622,0.005984146902238177,0.0004345842234767227
132.0,251702866.68060622,1074847.7000394368,2502167.008519224,1490946.4129090782,106872.46487061903,96185.21838355713,10687.246487061904,4089298.6398118595,5164146.3398512965,247602880.7943073,0.005982649069304112,0.0004302944464389444
133.0,247602880.7943073,1057111.6167219193,2479952.3983015986,1466187.2268955992,104094.9675076542,93685.47075688878,10409.496750765422,4039825.0959540866,5096936.712676005,243552646.20160246,0.005981172475910465,0.00042607772337995914
134.0,243552646.20160246,1039595.2877452231,2454557.87221709,1441765.7381772627,101391.64878188708,91252.48390369836,10139.164878188709,3987576.094298051,5027171.382043274,239554930.9424262,0.005979694577216948,0.00042193734741424277
135.0,239554930.9424262,1022316.1678447383,2428128.0726836454,1417678.4463758015,98760.09542315551,88884.08588083996,9876.00954231555,3934690.604940287,4957006.772785025,235610364.3279436,0.005978254484682035,0.00041786866735970564
136.0,235610364.3279436,1005272.5106527522,2403681.460978598,1393913.5383123462,96197.67784051292,86577.91005646164,9619.767784051293,3884172.9093474057,4889445.420000158,231716571.65081215,0.005976824654506567,0.0004138671605454087
137.0,231716571.65081215,988455.7362699052,2379422.479841249,1370470.024323049,93702.73773411535,84332.46396070381,9370.273773411534,3834224.9681250015,4822680.704394907,227872976.40891373,0.0059754171952656875,0.00040993204937403243
138.0,227872976.40891373,971864.9090257253,2349922.7093734588,1347349.6467850113,91273.85413702307,82146.46872332078,9127.385413702308,3779418.8248817907,4751283.733907516,224084430.19861823,0.005974044964189593,0.0004060633676411471
139.0,224084430.19861823,955503.6958902243,2321242.7300672755,1324561.1636165339,88909.16619256267,80018.24957330638,8890.916619256266,3725822.143257116,4681325.8391473405,220349717.13874185,0.005972589722839616,0.0004022518652664022
140.0,220349717.13874185,939376.8838762988,2295438.626006464,1302078.9330263278,86606.70979084627,77946.03881176165,8660.670979084629,3675463.597844553,4614840.481720852,216665592.86991823,0.0059711204160281545,0.0003984980930112927
141.0,216665592.86991823,923466.8979423257,2267191.356550823,1279935.693599841,84364.48043674423,75928.03239306982,8436.448043674425,3623055.0825437345,4546521.98048606,213034101.33933082,0.00596960946233018,0.0003948051303867969
142.0,213034101.33933082,907795.0797929298,2250565.3678005477,1258046.8513525487,82179.74654432348,73961.77188989114,8217.97465443235,3582573.9910429874,4490369.070835918,209443309.37363338,0.005968150737604083,0.00039116544637078524
143.0,209443309.37363338,892302.6226808764,2222499.3506638817,1236487.1731526633,80052.12618462084,72046.91356615874,8005.212618462083,3531033.437382704,4423336.060063581,205904270.72363222,0.005966687088181758,0.00038759327734235545
144.0,205904270.72363222,877041.8308069999,2189830.869877537,1215272.4325393043,77980.55163524541,70182.49647172088,7798.055163524541,3475285.7988885622,4352327.629695562,202421186.86958015,0.005965259540192075,0.00038407295426258747
145.0,202421186.86958015,862024.4971351565,2167173.1897653393,1194346.3231768487,75962.7921425234,68366.51292827105,7596.279214252339,3429886.025870459,4291910.523005616,198983704.5644954,0.005963824694979216,0.0003805964083048051
146.0,198983704.5644954,847210.2994928954,2146749.78943528,1173696.1694129398,73996.48523825641,66596.83671443077,7399.648523825643,3387042.79556265,4234253.095055546,195589262.12040895,0.005962412506906955,0.00037717726648266864
147.0,195589262.12040895,832590.1323778413,2118998.857293196,1153353.5456153667,72082.45896638266,64874.21306974438,7208.245896638266,3337226.6159783066,4169816.7483561477,192244827.258534,0.005961038988344557,0.00037381369304089287
148.0,192244827.258534,818187.3381847397,2102945.5226345337,1133244.080912268,70217.50977871552,63195.75880084396,7021.750977871551,3299385.3623476457,4117572.700532385,188938420.1452085,0.005959654587983688,0.0003705022842114406
149.0,188938420.1452085,803949.3600534421,2088411.2827533148,1113368.3849697383,68399.17116502792,61559.25404852512,6839.917116502793,3263338.921771578,4067288.28182502,185668241.30632043,0.005958246598364462,0.000367255436277007
150.0,185668241.30632043,789875.5165588215,2065590.9425532657,1093770.9734702702,66627.3150685645,59964.58356170804,6662.731506856449,3219326.499585244,4009202.016144065,182442252.07522833,0.005956875260936612,0.0003640688727915905
151.0,182442252.07522833,775997.7273647003,2044360.4492629073,1074432.863347056,64900.81500983775,58410.73350885397,6490.081500983775,3177204.0461188173,3953201.7734835176,179258557.94760853,0.005955526095852105,0.00036092994658597937
152.0,179258557.94760853,762303.2931034878,2025459.7242627991,1055345.760141961,63218.03339114591,56896.230052031315,6321.803339114591,3137701.714456791,3900005.007560279,176114534.4298126,0.005954159350171336,0.0003578427238558901
153.0,176114534.4298126,748785.5795455356,1999102.8808132499,1036539.709849453,61579.13865687956,55421.224791191606,6157.913865687957,3091063.8154538944,3839849.3949994296,173017312.700493,0.005952816688043513,0.0003548083434574187
154.0,173017312.700493,735467.0028594142,1979367.9702143385,1017975.724469817,59982.441902092614,53984.19771188336,5998.244190209261,3051327.892396039,3786794.895255453,169959986.5639068,0.00595142791290357,0.00035181910071090344
155.0,169959986.5639068,722319.8088565101,1953154.944842879,999690.6859465913,58426.75094248648,52584.07584823783,5842.675094248648,3005429.7066377085,3727749.5154942186,166948714.1821748,0.005950005634793018,0.00034888260745956915
156.0,166948714.1821748,709370.2097589534,1940841.3751453091,981601.2261056191,56909.1297748535,51218.21679736815,5690.912977485351,2973660.8180482965,3683031.0278072497,163969362.45114905,0.005948549234631275,0.000345983443123747
157.0,163969362.45114905,696558.7866494218,1915676.402980893,963785.3436155495,55430.52623650421,49887.473612853784,5543.052623650421,2929349.2202092963,3625908.0068587186,161034470.1783161,0.005947065254382954,0.000343138974808038
158.0,161034470.1783161,683940.7855466339,1895857.9643125343,946221.355627405,53989.33676488771,48590.40308839894,5398.933676488771,2890669.7230283385,3574610.508574972,158138401.52161127,0.005945571534649316,0.00034033463871766006
159.0,158138401.52161127,671499.6415460705,1872451.8286238366,928926.0184527994,52584.774167365234,47326.29675062871,5258.477416736523,2848704.1438272647,3520203.785373335,155284438.90036726,0.005944143901621174,0.00033757578064969707
160.0,155284438.90036726,659247.482457761,1852378.2591738626,911873.8346459863,51215.3481635033,46093.813347152965,5121.53481635033,2810345.9071670016,3469593.3896247623,152468971.45838392,0.0059427688139554805,0.0003348553913667374
161.0,152468971.45838392,647166.671880574,1828724.7701955806,895080.5394061792,49880.739852667684,44892.66586740091,4988.073985266768,2768697.975469161,3415864.647349735,149695285.4089295,0.005941425246271708,0.00033217547174212365
162.0,149695285.4089295,635268.7147876238,1806676.4915779065,878525.0608286655,48579.92399236724,43721.93159313052,4857.992399236725,2728923.483999703,3364192.1987873265,146961503.93253052,0.0059400901848581,0.00032953092287775124
163.0,146961503.93253052,623539.5641318071,1772569.997957888,862294.5478671121,47313.34766005136,42582.012894046224,4731.334766005136,2677446.5587190464,3300986.122850854,144279326.03904548,0.005938699016807734,0.00032692433523312373
164.0,144279326.03904548,612039.5028615202,1753855.2559233261,846291.1202449697,46078.09477334136,41470.28529600723,4607.809477334136,2641616.661464303,3253656.164325823,141633101.56810385,0.005937367857719792,0.00032433737380589385
165.0,141633101.56810385,600699.3620077922,1722367.3127761171,830583.7713179401,44875.38298543356,40387.8446868902,4487.538298543356,2593338.9287809473,3194038.2907887395,139035275.10102433,0.005936070866158268,0.0003217889195553178
166.0,139035275.10102433,589568.6833535589,1696314.867122195,815141.3930825738,43703.83165108912,39333.44848598021,4370.383165108913,2550789.7086907485,3140358.392044308,136480115.00916848,0.005934773206865789,0.0003192645266241375
167.0,136480115.00916848,578625.0433250933,1679579.9023717474,799902.5433831965,42561.66837848262,38305.50154063436,4256.166837848263,2517787.9472955777,3096412.990620671,133958070.89503507,0.005933498736414467,0.00031676746213105383
168.0,133958070.89503507,567825.2578736519,1661050.3911809954,784885.4463558099,41447.71139879365,37302.94025891428,4144.771139879365,2483238.77779572,3051064.0356693715,131470687.3460995,0.0059322174436810746,0.0003143131020598335
169.0,131470687.3460995,557181.4444772342,1641968.1400418794,770084.9899448208,40361.393323624776,36325.2539912623,4036.139332362478,2448378.3839779627,3005559.8284551967,129018272.82278916,0.0059309976528015285,0.0003118936661230634
170.0,129018272.82278916,546690.5330105019,1617967.6232285437,755522.1691722592,39302.98091040211,35372.6828193619,3930.298091040212,2408862.475220165,2955553.0082306666,126605480.04947793,0.0059297905127424,0.00030950886207145784
171.0,126605480.04947793,536368.1498761115,1595850.7839738177,741201.3878073895,38271.39816222545,34444.25834600291,3827.1398162225455,2371496.43012721,2907864.5800033216,124230156.4795345,0.005928545151573133,0.0003071525852736187
172.0,124230156.4795345,526215.8258970291,1579640.030666582,727071.0086402849,37265.487789216786,33538.9390102951,3726.5487789216786,2340249.978317162,2866465.8042141916,121886179.95243843,0.005927397729277055,0.00030482608827220965
173.0,121886179.95243843,516198.3460064902,1558884.6712858249,713153.6858684211,36285.22910195812,32656.706191762303,3628.522910195812,2304695.063346009,2820893.4093524986,119577856.36618224,0.005926232545050434,0.0003025375056245859
174.0,119577856.36618224,506332.10805703857,1542848.639347996,699430.5789405617,35329.0459721033,31796.14137489297,3532.90459721033,2274075.359663451,2780407.4677204895,117300248.10192156,0.005925024587336006,0.0003002808339099282
175.0,117300248.10192156,496602.71797468344,1520112.3875576789,685930.6267748008,34397.86823896275,30958.081415066474,3439.786823896275,2237001.0957475463,2733603.8137222296,115059807.21935013,0.005923861664228747,0.00029805879444963035
176.0,115059807.21935013,487031.54055811244,1499098.2563479752,672646.5907937088,33490.077261853134,30141.069535667826,3349.0077261853144,2201885.916677352,2688917.4572354644,112854572.29494658,0.005922665478652465,0.00029586740742760804
177.0,112854572.29494658,477613.0262477529,1483353.3253845633,659545.1426081217,32604.437173228973,29343.99345590608,3260.443717322898,2172242.461448591,2649855.487696344,110679069.38978067,0.005921474262081306,0.0002937026558376313
178.0,110679069.38978067,468323.5772427324,1467588.602456179,646625.8604497917,31740.750100444424,28566.675090399982,3174.075010044443,2142781.137996371,2611104.715239103,108533114.17677426,0.005920283108503405,0.0002915696118400167
179.0,108533114.17677426,459162.8182446769,1445769.7379518389,633920.2118725332,30899.10254884774,27809.192293962966,3089.910254884774,2107499.142118335,2566661.960363012,106422525.12440105,0.005919099138350534,0.0002894718866356948
180.0,106422525.12440105,450153.474524945,1428395.7307158757,621405.5702825645,30078.408524208913,27070.56767178802,3007.8408524208917,2076871.8686702284,2527025.343195173,104342645.41487838,0.0059178944173923255,0.00028739926135101606
181.0,104342645.41487838,441278.9359190369,1413768.6760671479,609068.8021761952,29277.69402114221,26349.92461902799,2927.7694021142215,2049187.402862371,2490466.338781408,102290530.2426139,0.00591671709136635,0.00028535600397488803
182.0,102290530.2426139,432529.51335114153,1400804.6556092375,596885.4005018962,28496.031690581076,25646.42852152297,2849.6031690581076,2023336.4846326564,2455865.9979837984,100264344.15481219,0.005915612520296895,0.00028334508131221966
183.0,100264344.15481219,423889.02638785896,1389205.013552288,584852.6890799331,27732.97179589103,24959.674616301927,2773.2971795891035,1999017.3772485233,2422906.4036363824,98262553.48038408,0.005914452181917021,0.0002813661263915689
184.0,98262553.48038408,415355.005245049,1372816.2889516065,573000.7460475186,26988.876873292764,24289.989185963488,2698.8876873292766,1970107.0241850887,2385462.0294301375,96289747.56851166,0.005913298504163667,0.00027942580690368214
185.0,96289747.56851166,406948.5923845497,1352254.7048493992,561356.8611236745,26263.895065521632,23637.505558969468,2626.389506552163,1937249.0715320432,2344197.6639165925,94349872.10747308,0.005912181326736194,0.00027751330997212605
186.0,94349872.10747308,398688.8038633144,1339254.682686334,549867.0398771625,25556.372186720728,23000.734968048655,2555.637218672073,1912122.457531545,2310811.2613948598,92435194.01272285,0.005911143935557061,0.0002756231481265937
187.0,92435194.01272285,390538.0373892632,1320186.9459799319,538569.6142311622,24866.883967187878,22380.19557046909,2486.688396718788,1881136.7557815635,2271674.793170826,90551570.56854457,0.005910107012378923,0.00027376720456086386
188.0,90551570.56854457,382523.19632484776,1309442.738395576,527411.9131142482,24193.694460487764,21774.32501443899,2419.3694460487764,1858628.9765242632,2241152.1728491113,88690522.22257425,0.005909109650779091,0.0002719362744444721
189.0,88690522.22257425,374607.02858120133,1297090.7979781814,516393.3500827149,23536.633763904912,21182.970387514422,2353.663376390491,1834667.1184484106,2209274.147029612,86853501.44074945,0.005908130232188502,0.0002701377011754471
190.0,86853501.44074945,366789.977527835,1282408.2884720918,505530.2703746804,22895.556379819507,20606.000741837554,2289.555637981951,1808544.5595886102,2175334.5371164447,85042667.32552285,0.0059070657924214336,0.0002683711194845374
191.0,85042667.32552285,359083.40184574085,1262707.1974926959,494858.6907721601,22270.801135019807,20043.721021517827,2227.080113501981,1777609.6092863735,2136693.0111321146,83262830.63612299,0.005905952774620377,0.00026663205145524874
192.0,83262830.63612299,351512.2163444573,1249242.4746678153,484329.3605058498,21661.223013596195,19495.10071223657,2166.122301359619,1753066.9358859016,2104579.1522303587,81507597.57793573,0.005904877297746761,0.00026491218832160203
193.0,81507597.57793573,344042.34308154974,1232316.4656741587,473950.28273750085,21067.335487915007,18960.601939123506,2106.7335487915007,1725227.3503507832,2069269.693432333,79780263.49403614,0.005903706120988743,0.00026322451408492095
194.0,79780263.49403614,336680.530458133,1219188.728520216,463708.11672536784,20487.806308524378,18439.025677671936,2048.7806308524378,1701335.8709232558,2038016.401381389,78076878.84248203,0.005902290646242727,0.00026156230006143394
195.0,78076878.84248203,329416.39242408716,1198967.8023105608,453650.59226535563,19923.055250882313,17930.74972579408,1992.3055250882312,1670549.1443017107,1999965.5367257977,76404337.39265524,0.00590074431255729,0.00025992814783132827
196.0,76404337.39265524,322283.2781238159,1183622.8050809437,443753.5255982438,19372.422325284355,17435.18009275592,1937.2422325284356,1644811.5107719437,1967094.7888957595,74757588.63965076,0.005899148069945915,0.00025830845407066763
197.0,74757588.63965076,315263.443193682,1169512.5768113337,434007.7718897384,18835.174973045163,16951.657475740645,1883.5174973045164,1620472.0061768123,1935735.4493704946,73135233.11597666,0.0058975770245283075,0.0002567131294176063
198.0,73135233.11597666,308350.5012540992,1148645.1745797615,424448.4779061189,18311.769799606976,16480.592819646277,1831.1769799606977,1589574.2453055265,1897924.7465596255,71543827.69369116,0.0058960233316553146,0.0002551409337549303
199.0,71543827.69369116,301569.7875039961,1129069.674746011,415075.64686817955,17801.986701634,16021.788031470598,1780.1986701634,1560167.109645661,1861736.8971496571,69981880.38537534,0.005894438041009948,0.00025358043447789745
200.0,69981880.38537534,294920.46745064354,1113701.0095675294,405858.5367792753,17304.881218735492,15574.393096861942,1730.4881218735493,1535133.9394436665,1830054.40689431,68445015.9578098,0.00589294604420643,0.0002520337123529656
201.0,68445015.9578098,288381.1080185573,1101205.3896815726,396774.0635710761,16819.63032569587,15137.66729312628,1681.9630325695869,1513117.1205457747,1801498.2285643322,66930216.87423146,0.005891486239993575,0.0002505068669327691
202.0,66930216.87423146,281935.8420007671,1077596.3429963323,387883.88706687157,16347.444731027535,14712.700257924782,1634.7444731027538,1480192.930321129,1762128.7723218962,65448389.199437216,0.005889985985901131,0.0002490044651456177
203.0,65448389.199437216,275628.78337905393,1066925.2174169992,379119.4038459056,15886.812913595826,14298.131622236244,1588.6812913595827,1460342.752885141,1735971.536264195,63986457.76526072,0.005888399249999074,0.0002475063460422621
204.0,63986457.76526072,269410.26330535125,1051804.3188354406,370499.79620776535,15438.431626829035,13894.58846414613,1543.8431626829035,1436198.7035073522,1705608.9668127033,62548715.21859069,0.00588685890276899,0.0002460406943119384
205.0,62548715.21859069,263294.5663136145,1037091.1135027792,362027.739917155,15001.53577257031,13501.38219531328,1500.153577257031,1412620.2356152474,1675914.801928862,61134594.829398185,0.005885271315037119,0.0002446028235527049
206.0,61134594.829398185,257283.0110525273,1020184.789678449,353708.0873667904,14576.022401095093,13118.420160985585,1457.6022401095095,1387011.297206225,1644294.3082587523,59746125.92995185,0.005883732489874971,0.00024318765312419762
207.0,59746125.92995185,251379.75908061763,1005547.079400222,345529.13915809157,14161.332203001433,12745.198982701291,1416.1332203001434,1363821.4175410147,1615201.1766216327,58380888.379190534,0.005882129503424165,0.00024179155737536636
208.0,58380888.379190534,245576.15538184394,990329.0687361906,337498.2659083731,13757.06381130523,12381.357430174707,1375.7063811305231,1340208.6920747384,1585784.8474565824,57039303.98073466,0.005880503906758851,0.00024041542779770759
209.0,57039303.98073466,239877.00070246286,977624.5423484088,329599.5565407943,13362.708677702325,12026.437809932093,1336.2708677702324,1319250.5366991353,1559127.537401598,55718717.173167765,0.00587894063006296,0.00023905616517991496
210.0,55718717.173167765,234271.0219291705,960338.7121809877,321859.7412904376,12978.860120628553,11680.974108565697,1297.8860120628556,1293879.427579991,1528150.4495091613,54423539.859575704,0.005877442640646033,0.00023771595021598762
211.0,54423539.859575704,228777.16582565685,942342.4017019165,314275.1503543793,12605.15512448004,11344.639612032035,1260.515512448004,1267962.191668328,1496739.357493985,53154317.15239492,0.0058760280805324975,0.00023639194638569048
212.0,53154317.15239492,223393.5130836033,928408.426416998,306825.2536571416,12240.917740275914,11016.825966248323,1224.0917740275913,1246250.5060403878,1469644.0191239913,51906842.55458052,0.0058745772038980675,0.00023507696080006494
213.0,51906842.55458052,218104.99310843716,911212.2564672164,299517.5440634111,11886.326457006784,10697.693811306106,1188.6326457006785,1221427.4943419336,1439532.4874503706,50684226.42759288,0.0058731716664667515,0.0002337797807363718
214.0,50684226.42759288,212917.98758701526,898480.5563478366,292332.71159555495,11540.581620861258,10386.523458775133,1154.058162086126,1201199.791402167,1414117.7789891823,49481872.578028634,0.005871604580610472,0.00023249199319347558
215.0,49481872.578028634,207818.01468033664,882150.4877352087,285290.70008636196,11204.063638620446,10083.657274758401,1120.4063638620446,1177524.845096329,1385342.859776666,48303227.32656843,0.005870022825700993,0.0002312227761161186
216.0,48303227.32656843,202819.36715748286,869839.7107475864,278368.15128193016,10876.096658587103,9788.486992728393,1087.6096658587103,1157996.349022245,1360815.7161797276,47144143.36788033,0.005868419316203846,0.00022996807949678366
217.0,47144143.36788033,197905.28566094075,858260.5802799348,271560.0241928601,10556.439370419259,9500.795433377334,1055.6439370419262,1139321.3999061724,1337226.685567113,46003766.32403712,0.0058668182558279935,0.0002287347642001693
218.0,46003766.32403712,193072.1963513097,846573.6371728955,264863.24283216364,10244.70355982137,9220.233203839232,1024.4703559821369,1120657.1132088983,1313729.309560208,44882084.74047224,0.005865221983044664,0.00022752469974695157
219.0,44882084.74047224,188318.1176897214,832143.8237565851,258296.65149594418,9941.328194802434,8947.19537532219,994.1328194802435,1099387.6706278515,1287705.7883175728,43781702.93702491,0.0058635662410999306,0.00022633310651590396
220.0,43781702.93702491,183656.17796779214,815327.6032565688,251873.02665904016,9646.292111098343,8681.662899988507,964.6292111098343,1075882.2928155975,1259538.4707833896,42704856.0149982,0.005861927451215481,0.00022515828564142877
221.0,42704856.0149982,179095.44980795158,806422.20362555,245548.49351661542,9358.409830109153,8422.568847098237,935.8409830109154,1060393.265989264,1239488.7157972152,41643526.90802593,0.005860299756634393,0.00022399600615569538
222.0,41643526.90802593,174604.47832292155,787514.5945955056,239374.13773894092,9079.174957629752,8171.257461866779,907.9174957629754,1035059.9897963132,1209664.4681192348,40607559.00073385,0.005858767662471745,0.00022285937240843816
223.0,40607559.00073385,170220.24549632554,773370.0988394783,233318.39588239638,8807.397251239405,7926.657526115463,880.7397251239405,1014615.1522479901,1184835.3977443157,39592063.10876074,0.005857171632135509,0.00022173411137868266
224.0,39592063.10876074,165920.49135097413,760633.9400221995,227377.0769311515,8542.863383577052,7688.5770452193465,854.2863383577053,995699.5939985705,1161620.0853495444,38595509.228423804,0.005855440626633785,0.00022062243549074976
225.0,38595509.228423804,161701.8597425131,751863.09775571,221525.96860336876,8284.723671070766,7456.251303963688,828.4723671070765,980845.3176630425,1142547.1774055557,37613835.43839365,0.005853690677585326,0.00021952911263061484
226.0,37613835.43839365,157547.1279461283,736733.6462335016,215799.0747907318,8033.800167697598,7230.420150927839,803.38001676976,959763.1411751613,1117310.2691212897,36653268.91720173,0.005851915113500666,0.00021846010937068272
227.0,36653268.91720173,153480.73689084867,728168.1185272497,210163.51227768033,7788.8709902624305,7009.983891236187,778.8870990262432,945341.6146961661,1098822.351587015,35707148.41540653,0.005850042460310463,0.00021740239738462938
228.0,35707148.41540653,149478.70429315337,719567.7574520828,204614.51238798242,7549.878556140309,6794.890700526278,754.9878556140309,930977.1605405916,1080455.864833745,34775416.26701032,0.0058482431284970805,0.00021636586934290096
229.0,34775416.26701032,145538.06535813253,704009.717033705,199190.52312122617,7317.422310480912,6585.680079432821,731.7422310480912,909785.920234364,1055323.9855924966,33864898.60454492,0.005846399572497564,0.00021535325912086463
230.0,33864898.60454492,141686.28390398726,683509.1328178628,193923.22726159706,7092.035693281233,6382.83212395311,709.2035693281233,883815.192203413,1025501.4761074003,32980374.208772175,0.005844460592360433,0.0002143407695196105
231.0,32980374.208772175,137945.6075093085,669071.5979439658,188773.7039020954,6872.7492244928635,6185.474302043578,687.2749224492864,864030.7761481048,1001976.3836574133,32115656.15770162,0.005842529838811881,0.0002133163487126035
232.0,32115656.15770162,134288.5674420194,659735.926201511,183711.7014406617,6658.883950861717,5992.995555775546,665.8883950861717,849440.6231979483,983729.1906399678,31265549.64610859,0.0058405338731283675,0.00021229278167361827
233.0,31265549.64610859,130693.59361602424,646119.5923989275,178766.68591098717,6450.938318186336,5805.844486367703,645.0938318186336,830692.1227962824,961385.7164123068,30434212.429480486,0.005838479429400674,0.00021128720321861552
234.0,30434212.429480486,127181.25391796356,635523.3297699885,173913.11128761448,6248.619049341592,5623.757144407433,624.8619049341592,815060.1982020105,942241.452119974,29618527.36937354,0.005836529061849034,0.0002102873841079281
235.0,29618527.36937354,123733.988612875,622714.0611931232,169170.29927753418,6051.82991797511,5446.646926177599,605.1829917975111,797331.007396835,921064.99600971,28820591.17898491,0.005834453016228655,0.000209307939857029
236.0,28820591.17898491,120364.8997262634,606092.6270642832,164560.08337058531,5860.893296707451,5274.803967036706,586.0893296707452,775927.5144019052,896292.4141281686,28044077.57525333,0.005832484738936682,0.0002083339693116953
237.0,28044077.57525333,117089.49595219028,599049.2946061972,160022.92535907737,5674.412310877473,5106.971079789725,567.4412310877473,764179.1910450642,881268.6869972546,27279330.94297718,0.005830646977579302,0.000207353311809583
238.0,27279330.94297718,113865.70901684876,581300.0913692047,155615.12342275446,5493.7995555515645,4944.419599996409,549.3799555551566,741859.6343919556,855725.3434088044,26536921.928629667,0.005828850401570707,0.0002063905005757648
239.0,26536921.928629667,110734.131905076,570083.7856954813,151306.18781953264,5318.077025948692,4786.269323353822,531.8077025948692,726176.2428383677,836910.3747434438,25810213.878088705,0.0058268891353337356,0.00020541795720472862
240.0,25810213.878088705,107672.27144756087,559658.5405364581,147089.54486868653,5146.982762431725,4632.284486188552,514.6982762431726,711380.3698913332,819052.641338894,25098318.80992113,0.0058250760727375775,0.0002044519818309242
241.0,25098318.80992113,104675.58473510967,549618.0083234655,142958.61253583716,4980.444031169307,4482.399628052376,498.0444031169307,697059.0204873551,801734.6052224648,24400761.745030656,0.00582337365092248,0.00020349306467264214
242.0,24400761.745030656,101739.77000564142,539297.8834129552,138913.13433988695,4818.490776863476,4336.641699177128,481.84907768634764,682547.6594520193,784287.4294576606,23717732.236500952,0.005821641043916154,0.0002025441432823089
243.0,23717732.236500952,98864.76530953104,527515.907731866,134959.8398944827,4661.130403260106,4195.017362934094,466.1130403260106,666670.7649892827,765535.5302988138,23050595.358471345,0.005819821715975434,0.0002016069041585418
244.0,23050595.358471345,96055.44277028352,521545.2003668025,131068.97366226396,4507.456038259965,4056.7104344339677,450.74560382599645,656670.8844635005,752726.3272337839,22393473.728404015,0.005817856912052419,0.00020067460421136236
245.0,22393473.728404015,93290.19950185766,512046.47437368927,127255.89431727138,4357.984228020176,3922.185805218158,435.79842280201757,643224.5544961789,736514.7539980365,21749813.375485037,0.0058159428274103964,0.00019975776056612343
246.0,21749813.375485037,90580.42400256738,500259.50645576266,123538.13289476259,4212.822061030311,3791.5398549272795,421.28220610303106,627589.1792054526,718169.6032080199,21121802.914073482,0.005813868508712369,0.0001988572015835055
247.0,21121802.914073482,87938.16868867964,493550.47931753297,119884.72338266214,4071.172420844899,3664.055178760409,407.11724208448993,617099.2578789555,705037.4265676353,20504296.53895244,0.005811844875584301,0.0001979560125757293
248.0,20504296.53895244,85341.46069932848,482519.88694325404,116317.53297257819,3933.658751731111,3540.292876558,393.3658751731111,602377.7127923903,687719.1734917187,19901525.46028488,0.005809838650633323,0.00019706985519009308
249.0,19901525.46028488,82806.11610410755,472430.69854241447,112832.75895416847,3800.0576896240364,3420.0519206616327,380.00576896240364,588683.5094172446,671489.6255213522,19312461.94509867,0.005807712246770761,0.00019618794637492164
250.0,19312461.94509867,80329.24119204459,464895.3522972183,109411.27543556021,3670.0111559558413,3303.0100403602573,367.00111559558417,577609.6377731387,657938.8789651834,18734485.306209937,0.005805572209771896,0.0001953126770010027
251.0,18734485.306209937,77897.5581369849,457161.2551422886,106057.88077619238,3543.509160112557,3189.1582441013015,354.3509160112558,566408.2941625823,644305.8522995671,18167722.661131345,0.005803220125401774,0.00019445490024503086
252.0,18167722.661131345,75514.1229133285,447203.4102740382,102786.39104829938,3420.775536291777,3078.697982662599,342.0775536291777,553068.4993050002,628582.6222183288,17614312.084272712,0.005800860997413663,0.00019361727338278493
253.0,17614312.084272712,73188.6692919557,437869.41906732874,99593.3237146728,3301.392252424454,2971.2530271820087,330.1392252424454,540433.9958091837,613622.6651011392,17073547.949238285,0.005798574178999689,0.00019279061839748725
254.0,17073547.949238285,70918.62905458924,425888.63885358925,96492.93444422036,3185.8793191837617,2867.2913872653853,318.58793191837617,525248.864685075,596167.4937396643,16547980.496621292,0.005796408406225511,0.00019195983302979104
255.0,16547980.496621292,68714.1774119648,417536.3192300318,93464.5863792236,3073.522361857599,2766.1701256718393,307.3522361857599,513767.0757349272,582481.253146892,16033906.068650182,0.0057943432555785865,0.00019113155342691428
256.0,16033906.068650182,66560.57277011455,407151.4888931476,90520.09391033152,2964.607183197882,2668.146464878094,296.46071831978827,500339.72926835716,566900.3020384718,15533269.878663504,0.005792453869949502,0.00019030803455345735
257.0,15533269.878663504,64466.1656988286,397832.1313999366,87656.05963911052,2858.8991384790916,2573.0092246311824,285.88991384790916,488061.2002636783,552527.365962507,15044922.788485978,0.005790792101414095,0.00018948364398218428
258.0,15044922.788485978,62428.21356339325,387194.7747557784,84875.27441776922,2756.6756779331513,2481.0081101398364,275.66756779331513,474551.05728368746,536979.2708470807,14570096.063634496,0.0057896015248409816,0.00018866177124497182
259.0,14570096.063634496,60449.125224899064,379619.2444892084,82156.74429950143,2657.436873230256,2391.69318590723,265.7436873230256,464167.68197461707,524616.8071995161,14105662.637972556,0.005788635437264978,0.00018784931225981812
260.0,14105662.637972556,58514.235129956425,369463.3093063925,79508.7672002096,2561.3038867400455,2305.1734980660412,256.13038867400456,451277.25000466814,509791.4851346246,13654129.257579215,0.005787724895004112,0.00018705346240743733
261.0,13654129.257579215,56629.97765397892,363859.1438021104,76911.37940781857,2467.531567362561,2220.7784106263043,246.75315673625607,442991.30162055534,499621.2792745342,13210891.202801922,0.0057864205273427385,0.0001862564116986731
262.0,13210891.202801922,54781.54946381554,354299.8680399157,74388.09758851661,2376.5901858911593,2138.9311673020434,237.65901858911593,430826.8967957343,485608.4462595499,12779826.646987598,0.00578519870462945,0.0001854650550655165
263.0,12779826.646987598,52985.62286861517,348617.29300015746,71914.95593274699,2288.08801651441,2059.279214862969,228.80880165144103,422591.5281477674,475577.15101638256,12357006.310038181,0.005784143626913631,0.0001846630278449974
264.0,12357006.310038181,51225.20157970701,341462.89705451485,69496.48017397439,2202.1243818741377,1981.9119436867243,220.2124381874138,412941.289172176,464166.490751883,11943844.808427816,0.005783187336110574,0.00018387501595449544
265.0,11943844.808427816,49503.865917336574,332791.2356887288,67143.04220564206,2118.9984143977317,1907.0985729579584,211.89984143977316,401841.37646732887,451345.2423846654,11541791.532119049,0.005782035888491809,0.00018309346818808894
266.0,11541791.532119049,47828.82740610244,322525.29144022905,64865.085706100166,2038.831156563982,1834.948040907584,203.88311565639822,389225.32518723677,437054.1525933392,11152362.323816154,0.005780837478033345,0.00018232519245672712
267.0,11152362.323816154,46207.377798167596,316290.6591255545,62637.37181642343,1960.8911014224198,1764.8019912801778,196.08911014224202,380692.83293325815,426900.21073142573,10771473.401772756,0.0057797350235355115,0.00018155790633031028
268.0,10771473.401772756,44621.65797614453,311808.2863868381,60450.00933444385,1884.8458457929617,1696.3612612136653,188.48458457929615,373954.6569824956,418576.31495864014,10397330.26020568,0.005778605569031497,0.00018079600770731484
269.0,10397330.26020568,43064.582528421975,303386.83239887597,58323.347220308744,1811.2310725098828,1630.1079652588946,181.12310725098828,363340.2875844436,406404.8701128656,10033808.849513985,0.005777500733480807,0.00018004319898861618
270.0,10033808.849513985,41550.8182497094,294028.52469292004,56263.55636173581,1740.2312523597025,1566.208127123732,174.02312523597024,351858.2891817796,393409.107431489,9681776.53720697,0.0057762097972606985,0.00017928521818075987
271.0,9681776.53720697,40084.657455475266,285889.80964635906,54260.5975785152,1671.6291652082548,1504.4662486874292,167.1629165208255,341654.8734735617,381739.5309290369,9339954.50081689,0.005774831519342086,0.00017852469181238527
272.0,9339954.50081689,38659.229654990304,280539.78164300375,52304.82256703741,1605.0954077146089,1444.5858669431482,160.5095407714609,334289.19007698435,372948.4197319746,9005504.80119913,0.00577308590332562,0.00017776954066453212
273.0,9005504.80119913,37266.99176870228,276243.82138338115,50386.37752968506,1540.2968370820254,1386.267153373823,154.02968370820258,328016.46606644,365283.45783514227,8677334.305448983,0.0057716861536709786,0.00017703817954756908
274.0,8677334.305448983,35901.277970843716,269207.5804259385,48520.95798797996,1477.5332789165404,1329.7799510248863,147.75332789165407,319058.3183649433,354959.59633578704,8358128.233756148,0.00577027731497838,0.00017632034967901192
275.0,8358128.233756148,34573.27224295422,263059.81523709075,46705.956824268185,1416.6967591866264,1275.0270832679637,141.66967591866265,311040.79914462694,345614.0713875811,8046945.764935602,0.005768874576586758,0.0001755999146157445
276.0,8046945.764935602,33280.82728792455,256871.80668664575,44938.84027035978,1357.7196601709827,1221.9476941538844,135.77196601709826,303032.59465115936,336313.42193908396,7743777.398318427,0.005767833133421502,0.00017488457011608557
277.0,7743777.398318427,32022.400815948582,252071.37923965318,43211.883101959495,1300.4365271241136,1170.392874411702,130.04365271241136,296453.6552160244,328476.0560319729,7447193.69944969,0.00576688441750956,0.00017417184685256484
278.0,7447193.69944969,30792.403317786455,247776.62150376246,41519.41941263975,1244.743568584061,1120.2692117256547,124.47435685840608,290416.3101281279,321208.7134459143,7156652.914964704,0.0057661172329770225,0.0001734714078621441
279.0,7156652.914964704,29587.02490805686,240615.75304055202,39881.91467590082,1190.8685698224729,1071.7817128402257,119.0868569822473,281569.44942929305,311156.47433734994,6874964.378678428,0.005765207506557341,0.0001727871634560259
280.0,6874964.378678428,28420.45737448813,235163.09422881645,38287.725390769774,1138.6532977548895,1024.7879679794005,113.86532977548896,274475.60758756567,302896.0649620538,6600374.905761087,0.005764739292466924,0.00017208818205320068
281.0,6600374.905761087,27284.534987777435,230373.94304387883,36731.54572293347,1088.0339986461888,979.2305987815698,108.80339986461887,268084.71936559386,295369.25435337133,6332181.382995628,0.005764550009890413,0.00017139342900983703
282.0,6332181.382995628,26175.616406820827,223355.50832904142,35223.46596092623,1039.288808026293,935.3599272236638,103.92888080262931,259514.3342171913,285689.95062401216,6072563.119897634,0.005764485946750764,0.00017071559692396517
283.0,6072563.119897634,25101.115896273783,215586.03244978073,33769.335408082785,992.3422840904659,893.1080556814193,99.2342284090466,250248.47591354494,275349.59180981875,5822215.409755681,0.005764147999024985,0.0001700435526826692
284.0,5822215.409755681,24065.04184124561,211028.29821817897,32350.375123043435,947.005377983312,852.3048401849808,94.7005377983312,244230.97818140738,268296.020022653,5577889.731036475,0.005763810074127339,0.00016935519347891967
285.0,5577889.731036475,23054.007161274356,204827.29464307823,30975.454418782538,903.387502326809,813.0487520941282,90.33875023268092,236615.79781395488,259669.80497522926,5341183.594472287,0.005763484490201388,0.00016870314374220645
286.0,5341183.594472287,22074.34863931885,199794.86208220533,29638.898599287368,861.2337430469795,775.1103687422816,86.12337430469796,230208.87105023497,252283.2196895538,5110888.600047748,0.005763100127932799,0.00016807120739734726
287.0,5110888.600047748,21121.934937209313,193822.9660624747,28344.442214152114,820.6025877355955,738.542328962036,82.06025877355957,222905.95060558885,244027.88554279818,4887900.5891833855,0.005762910104448422,0.00016745642842900177
288.0,4887900.5891833855,20199.546980396524,187605.15375178348,27096.164947702422,781.5102980579488,703.3592682521539,78.15102980579488,215404.677967738,235604.22494813456,4672417.7601858415,0.005762646443317631,0.00016683971135137205
289.0,4672417.7601858415,19309.82101603754,180804.36617108723,25897.49741247188,743.9435841640657,669.549225747659,74.39435841640656,207371.41280930676,226681.2338253443,4464971.953018118,0.005762920044613386,0.00016622224224234516
290.0,4464971.953018118,18455.147593796653,176816.88324140746,24728.725261495936,707.5457915610181,636.7912124049162,70.75457915610181,202182.39971530827,220637.54730910494,4262718.798723654,0.005763882837553557,0.00016558601372557662
291.0,4262718.798723654,17621.786009198873,172018.0396610839,23591.30726481798,672.5121380621765,605.2609242559588,67.25121380621765,196214.60785015783,213836.3938593567,4066436.93965969,0.005764885425901532,0.00016495909263682963
292.0,4066436.93965969,16811.06375904112,165964.20895481127,22493.961884329237,638.9159325010031,575.0243392509028,63.891593250100314,189033.1951783914,205844.25893743255,3877339.8528880486,0.005765186289207282,0.00016436201763473724
293.0,3877339.8528880486,16029.060216948328,161790.42262016702,21428.295481501293,606.5517706649775,545.8965935984797,60.65517706649775,183764.6146952668,199793.67491221512,3693514.5830157152,0.005765107162084188,0.00016377002266522979
294.0,3693514.5830157152,15269.535665914871,157361.0832272774,20394.77666525139,575.3079300792203,517.7771370712982,57.53079300792203,178273.6370296001,193543.17269551498,3515183.415193107,0.005765313131327486,0.00016321618070065406
295.0,3515183.415193107,14532.880652409924,152355.18182424473,19396.173792042908,545.3418980531353,490.80770824782184,54.534189805313545,172242.16332453548,186775.0439769454,3342886.717678766,0.005765615887727845,0.00016266622933653322
296.0,3342886.717678766,13821.113989146921,147483.16752505073,18428.165851012087,516.5364088962176,464.88276800659594,51.65364088962178,166376.21614406942,180197.3301332163,3176458.847893807,0.005765921678639585,0.0001621432121543886
297.0,3176458.847893807,13131.477943738642,140051.08495413023,17509.06871635797,489.1159896235552,440.2043906611997,48.91159896235553,158000.35806114943,171131.83600488806,3018409.5782336956,0.005765184329534784,0.00016162689214126343
298.0,3018409.5782336956,12476.674920148846,135348.12505078403,16622.280928733137,462.79416891746916,416.51475202572226,46.27941689174692,152386.92073154286,164863.59565169172,2865976.3780852607,0.0057644674612630275,0.0001610655070276974
299.0,2865976.3780852607,11844.93174840691,129556.56923440601,15771.792788061444,437.6179390438925,393.85614513950327,43.76179390438925,145722.21816760697,157567.14991601388,2720210.3981237495,0.0057635811225481386,0.000160506100726989
300.0,2720210.3981237495,11239.288547500299,125921.54147905839,14947.092116486747,413.4866322251839,372.1379690026655,41.34866322251838,141240.77156454782,152480.06011204812,2578928.2778959796,0.0057617375155902505,0.00015991048453584496
301.0,2578928.2778959796,10652.045776267407,122062.4156360553,14151.089441545668,390.32075023142636,351.28867520828373,39.03207502314264,136564.79375280926,147216.83952907668,2442324.4520681472,0.005759608062780539,0.00015937128176482865
302.0,2442324.4520681472,10085.10665743515,117775.28503575004,13384.922746823282,368.12920122448776,331.31628110203894,36.81292012244877,131491.52406367537,141576.6307211105,2310796.115084349,0.005757876735008235,0.00015886195293439824
303.0,2310796.115084349,9539.399412135579,114885.1796706191,12640.529401940148,346.660563746658,311.9945073719922,34.6660563746658,127837.70357993126,137377.10299206682,2182923.7454480426,0.005756128192526657,0.00015836624194126982
304.0,2182923.7454480426,9009.157076160534,109346.65511322279,11932.992914616618,326.28438525959956,293.65594673363967,32.628438525959965,121573.30397457305,130582.46105073357,2061317.813034944,0.005754442102251928,0.0001578711074252799
305.0,2061317.813034944,8505.148016002307,103057.49032469346,11264.511561198135,307.15345206009727,276.43810685408755,30.715345206009722,114598.43999274568,123103.58800874799,1946688.6576969924,0.005752827277532712,0.00015736128235394574
306.0,1946688.6576969924,8029.118722074587,99102.99056653629,10622.887966546868,288.8045019294931,259.9240517365438,28.880450192949308,109985.8025848197,118014.92130689429,1836673.9746619798,0.005750341395091053,0.00015685986026350743
307.0,1836673.9746619798,7572.222271373214,96038.08014412777,10004.138992951692,271.17379647352266,244.05641682617033,27.11737964735226,106286.27555390564,113858.49782527886,1730360.5817284267,0.005747635833342166,0.0001563286973319758
308.0,1730360.5817284267,7131.498326256518,93246.64778049215,9405.66043158968,254.2047625207807,228.7842862687026,25.42047625207807,102881.09249835052,110012.59082460705,1627454.068753824,0.005745430552895635,0.00015580892524755694
309.0,1627454.068753824,6705.172362857944,90556.16815286304,8825.798835312802,237.85619590919225,214.07057631827303,23.785619590919225,99596.03756449412,106301.20992735206,1527834.245569739,0.005743290006892936,0.00015529729427444258
310.0,1527834.245569739,6292.150462763188,86380.18269924207,8273.530587024277,222.37628914948348,200.1386602345351,22.23762891494835,94853.85194650086,101146.00240926407,1432958.1559943235,0.005740620267179216,0.0001547859514222496
311.0,1432958.1559943235,5898.786291414567,81210.24668086419,7755.139328941932,207.79004203472698,187.01103783125433,20.7790042034727,89152.39704763735,95051.18333905193,1343784.9799424824,0.005737719649813534,0.00015429460768144322
312.0,1343784.9799424824,5529.497673076843,78532.89227455293,7256.940253006624,193.81657260587798,174.43491534529016,19.381657260587797,85964.26744290485,91493.76511598169,1257801.330842317,0.005735122515980705,0.0001537465704273953
313.0,1257801.330842317,5174.443010444358,75362.5668558683,6780.410867104498,180.46558531051426,162.41902677946285,18.046558531051428,82305.39674975225,87479.83976019661,1175477.8875340337,0.00573356707248077,0.00015321811939368127
314.0,1175477.8875340337,4834.787112266858,73115.47442376077,6321.0967506009165,167.67349467571358,150.90614520814222,16.767349467571357,79587.47731956982,84422.26443183668,1095873.6428649963,0.005732252791423633,0.00015265686499417227
315.0,1095873.6428649963,4507.262511657938,70489.41980164594,5877.533880343335,155.48665668011466,139.93799101210323,15.54866566801147,76506.89167300137,81014.15418465932,1019351.202526327,0.005732124058111718,0.00015214044688879267
316.0,1019351.202526327,4191.154726037324,66752.80992556598,5458.578565073999,144.05174299349812,129.6465686941483,14.405174299349815,72341.03505933413,76532.18978537145,946995.7622926936,0.005730010230052813,0.00015167375498738168
317.0,946995.7622926936,3892.5593313463796,63539.590540927216,5060.881904295666,133.29064151581906,119.96157736423716,13.329064151581907,68720.43402258711,72612.9933539335,878261.9992059548,0.0057281749785574685,0.0001512549676114291
318.0,878261.9992059548,3609.0928248499204,61740.26514258022,4676.917332848234,123.00118792362184,110.70106913125964,12.300118792362184,66527.8835445597,70136.97636940963,811721.8155426027,0.005726476719963984,0.00015090924938148182
319.0,811721.8155426027,3335.3135856919776,58357.05247313791,4314.2234094994255,113.3510449574291,102.01594046168617,11.335104495742911,62773.291823099025,66108.60540879102,748937.188615008,0.005725823466401905,0.00015067540463252626
320.0,748937.188615008,3076.743647791693,55916.703674719596,3967.0859053449867,104.18030094107661,93.76227084696896,10.418030094107664,59977.55185091155,63054.29549870326,688949.2187340024,0.005724573283059874,0.00015049872710747072
321.0,688949.2187340024,2829.325653453803,49787.01062135467,3654.384140585341,95.89229523283034,86.3030657095473,9.589229523283034,53527.697827649565,56357.02348110336,635411.9316768295,0.005722307551229442,0.0001503718857058226
322.0,635411.9316768295,2606.7205148457006,47254.04383024125,3358.6057664576474,88.01221073825552,79.21098966442997,8.801221073825552,50691.86058636333,53298.58110120903,584711.2698693923,0.005715423704302317,0.0001500718502129228
323.0,584711.2698693923,2396.139570503484,44785.205920502514,3078.838572818796,80.6619375286934,72.59574377582406,8.06619375286934,47936.640237097134,50332.779807600615,536766.5634385423,0.0057083472765923175,0.00014968246409385817
324.0,536766.5634385423,2196.966825305345,42496.4084095397,2815.296839898925,73.73533070768657,66.36179763691791,7.373533070768659,45378.06704707554,47575.03387238089,491381.12285839603,0.005700303566611546,0.00014943484473816304
325.0,491381.12285839603,2009.2260057399967,41210.473007208566,2561.732038394668,67.08429416228799,60.37586474605919,6.7084294162288,43832.580910349294,45841.806916089285,447541.8335186305,0.005693841363311823,0.00014923346428366097
326.0,447541.8335186305,1828.4970730657928,37912.00832797104,2327.3125095113423,61.00881306235397,54.90793175611857,6.100881306235397,40294.2287692385,42122.72584230429,407241.5038680858,0.005688559434080102,0.00014907121098652786
327.0,407241.5038680858,1661.539188346455,36035.317799047116,2106.1037523332247,55.277485673704774,49.7497371063343,5.5277485673704785,38191.17128848668,39852.710476833134,369044.8048310317,0.005679487176543009,0.00014898440094005558
328.0,369044.8048310317,1503.9014188966912,34334.929336485264,1895.8031862991352,49.86340727439638,44.87706654695674,4.986340727439638,36275.60958933136,37779.511008228044,332764.2089009729,0.005671670279024023,0.00014895780316514427
329.0,332764.2089009729,1354.0450101701201,31998.66254639032,1700.7363521662662,44.85349733973977,40.36814760576579,4.485349733973977,33739.76704616235,35093.81205633247,299019.9565050766,0.005662016204500848,0.0001490211490665462
330.0,299019.9565050766,1214.9794470173738,29130.548776784683,1523.187580986716,40.27874076117522,36.250866685057694,4.027874076117523,30689.987224456458,31904.966671473834,268325.941406544,0.005652679731088997,0.00014917374456394655
331.0,268325.941406544,1088.4127607969829,27708.060011485857,1355.6334771435268,35.98932645941022,32.3903938134692,3.598932645941023,29096.083882442854,30184.496643239836,239226.2585914552,0.005641725155179883,0.00014927960602309221
332.0,239226.2585914552,968.9013120235434,26549.74472294253,1196.5337041153005,31.920505966037233,28.728455369433508,3.192050596603724,27775.006882427264,28743.908194450807,211448.05965843133,0.005631937084496178,0.00014960642528884759
333.0,211448.05965843133,855.3408612586876,24158.692821632416,1052.9454322165402,28.262583847870268,25.43632546308324,2.8262583847870273,25237.074579312037,26092.415440570723,186208.1588207345,0.005624032007341209,0.00015012160012917023
334.0,186208.1588207345,752.7616499110878,21986.564730973896,922.0630385570577,24.946407729970616,22.45176695697355,2.4946407729970614,22931.079536487923,23683.84118639901,163274.58464347362,0.00561997317251634,0.00015092412683908257
335.0,163274.58464347362,659.3048018106672,18596.90639954243,810.1321935903009,22.028364539968837,19.825528085971953,2.2028364539968837,19426.864121218703,20086.16892302937,143845.5176858009,0.005612695125168312,0.00015191062558908783
336.0,143845.5176858009,579.4798660637,15858.096581345155,715.3834307018124,19.467311150873925,17.52058003578653,1.9467311150873927,16591.000592082757,17170.480458146456,127252.57036260306,0.005597509271233358,0.00015225098654902107
337.0,127252.57036260306,511.83549024216126,14849.660926832188,627.881134271918,17.04841067691057,15.34356960921951,1.704841067691057,15492.885630713326,16004.721120955488,111757.97989082205,0.005587433841874369,0.00015208977154107747
338.0,111757.97989082205,449.2637479750329,13960.59312348546,545.3914354960891,14.836880100702873,13.353192090632584,1.4836880100702874,14519.33775107218,14968.601499047214,97237.15845173979,0.0055839279818146485,0.00015165655888295455
339.0,97237.15845173979,390.325140250102,12233.146236425713,473.31904497233336,12.852728949023103,11.567456054120793,1.2852728949023104,12718.032737452168,13108.35787770227,84517.8404413927,0.005574684471181636,0.00015169132651947928
340.0,84517.8404413927,338.8187863122289,11349.001792043731,406.81933647047526,11.01460082973933,9.913140746765396,1.101460082973933,11765.734269260975,12104.553055573204,72751.00471204877,0.005566144382032665,0.00015118082749710182
341.0,72751.00471204877,291.2791244618836,10727.6547650055,345.0297951798655,9.28999443817153,8.360994994354375,0.9289994438171529,11081.04555517972,11372.324679641602,61669.03015742524,0.0055579738054419,0.00015051084993293758
342.0,61669.03015742524,247.02207254083402,9546.864928620307,290.39458793518645,7.751291583356499,6.976162425020849,0.7751291583356499,9844.235678980516,10091.25775152135,51824.01934928639,0.005560870551149186,0.00014975285661023312
343.0,51824.01934928639,207.86307823200264,8271.392197910372,242.42131721873153,6.4145380458185945,5.773084241236735,0.6414538045818595,8519.586599370343,8727.449677602344,43303.79129611146,0.005569387694269916,0.00014868367561227005
344.0,43303.79129611146,173.54933807787202,7655.452726380699,198.4300416485318,5.195760549488867,4.67618449453998,0.5195760549488866,7858.55895252377,8032.108290601642,35444.71276753275,0.005564150885009074,0.00014725312976064875
345.0,35444.71276753275,142.0610135721347,6532.509680151019,161.1138926919811,4.179458605893626,3.7615127453042634,0.41794586058936267,6697.385085588305,6839.446099160439,28746.909736083853,0.0055643350914534005,0.00014572375045318606
346.0,28746.909736083853,115.32918887232086,5939.628933434125,127.58143840007774,3.2784399120056182,2.950595920805056,0.32784399120056185,6070.16096775501,6185.49015662733,22676.420924337646,0.005570544137237161,0.00014453251211562373
347.0,22676.420924337646,91.2824495656035,4876.72055945171,100.1952861972168,2.5130925497058394,2.261783294735255,0.25130925497058393,4979.177628943662,5070.460078509266,17696.991986139008,0.0055919492927122465,0.00014372402350275518
348.0,17696.991986139008,71.62289106526309,4462.001354369725,75.33745148142228,1.8606343351213928,1.6745709016092534,0.18606343351213928,4539.013376752757,4610.636267818019,13157.79254595274,0.0056270302590028885,0.0001411778767850413
349.0,13157.79254595274,53.77006003112182,3737.3111292389503,54.33226731261393,1.335250937964377,1.2017258441679393,0.1335250937964377,3792.845122395732,3846.6151824268536,9364.813898463213,0.005690219442056823,0.00014059126079376112
350.0,9364.813898463213,38.709746726358915,3061.9572516324233,36.78009035202699,0.9028182751134023,0.8125364476020621,0.09028182751134023,3099.549878432052,3138.2596251584105,6265.173738203648,0.005765370773658752,0.00014175862527078954
351.0,6265.173738203648,26.16357173140227,2571.097469446505,21.89145165340278,0.5535423212694277,0.4981880891424849,0.05535423212694277,2593.48710918905,2619.650680920452,3671.631274782472,0.005833368712518085,0.0001432579486596097
352.0,3671.631274782472,15.543385380764205,1656.8355184491143,12.961072609389266,0.3147009998657797,0.2832308998792017,0.03147009998657797,1670.0798219583826,1685.623207339147,2001.5199827241026,0.005924179502608028,0.00014983630714004919
353.0,2001.5199827241026,9.114019092332718,637.3003615647516,8.589701757241166,0.21248416237141798,0.19123574613427619,0.0212484162371418,646.081299068127,655.1953181604597,1355.4174352397386,0.006432155633479609,0.00015629038652534673
354.0,1355.4174352397386,6.057554502516612,337.85314204009796,6.449957323731596,0.15449095903775187,0.13904186313397665,0.015449095903775186,344.44214122696354,350.49969572948015,1010.9598449168711,0.006295742944037378,0.00015579571142309762
355.0,1010.9598449168711,4.5445805288160335,337.18770751758814,4.328164727380914,0.09764948493600262,0.08788453644240235,0.009764948493600262,341.6037567814115,346.1483373102275,669.3463231869662,0.0063379261797779,0.00015187177946335214
356.0,669.3463231869662,3.0442703179977153,336.52394535376897,2.224191823270554,0.041940527339831085,0.03774647460584798,0.004194052733983109,338.78588365164535,341.8301539696431,330.55624548258675,0.006423055030222427,0.0001449889634243161
357.0,330.55624548258675,1.556530876005405,241.0492444706931,0.667816869399461,0.012293062506402552,0.011063756255762296,0.0012293062506402554,241.72812509634835,243.28465597235373,88.8268910799878,0.006682090609077299,0.0001261021402540033
358.0,88.8268910799878,0.4611522072826791,88.82689107998694,6.467708139101678e-15,1.1836816429635993e-16,1.0653134786672393e-16,1.1836816429635994e-17,88.82689107998694,89.28804328726962,8.602760613239291e-13,0.007461057368135055,0.0001375743034119443
359.0,8.602760613239291e-13,4.4661948620349496e-15,8.602760613239207e-13,6.253006425019323e-29,1.1377808994284493e-30,1.0240028094856042e-30,1.1377808994284494e-31,8.602760613239208e-13,8.647422561859557e-13,8.317190411918435e-27,0.007461057368135061,0.00013677999629911467
360.0,8.317190411918435e-27,4.317938712267552e-29,8.317190411918355e-27,5.995411671076812e-43,1.0854694293468666e-44,9.769224864121798e-45,1.0854694293468666e-45,8.317190411918355e-27,8.36036979904103e-27,7.974566327684132e-41,0.007461057368135065,0.0001360978960665905
